автомат	54	2024-03-13 12-44-51	46.159.57.9
ввг 3х2, 5	56	2024-03-13 12-46-42	46.159.57.9
ввг 3х2, 5 гост	56	2024-03-13 12-48-14	46.159.57.9
ввг 3х2, 5 гост	56	2024-03-13 12-48-53	46.159.57.9
ввг 3х2, 5	56	2024-03-13 12-49-03	46.159.57.9
блок питания	54	2024-03-13 12-50-32	95.153.179.102
каталог	54	2024-03-13 13-18-39	95.153.161.109
пвс	54	2024-03-13 13-18-49	188.162.140.249
держатель для труб	54	2024-03-13 13-19-02	46.159.57.9
пвс	54	2024-03-13 13-19-14	188.162.140.249
пвс	54	2024-03-13 13-19-34	188.162.140.249
пвс	54	2024-03-13 13-20-09	188.162.140.249
ugn10-016-08-12	54	2024-03-13 13-21-23	185.134.234.204
ynn10-69-10d-k05	54	2024-03-13 13-22-02	193.242.149.11
держатель	54	2024-03-13 13-22-05	46.159.57.9
держатель	54	2024-03-13 13-22-40	46.159.57.9
держатель	54	2024-03-13 13-22-53	46.159.57.9
держатель	54	2024-03-13 13-23-45	46.159.57.9
батарейки	54	2024-03-13 13-24-09	78.29.21.155
держатель	54	2024-03-13 13-24-20	46.159.57.9
держатель	54	2024-03-13 13-24-33	46.159.57.9
ввгнг 5х16	54	2024-03-13 13-24-50	85.249.164.14
ynn10-69-10d-k07	54	2024-03-13 13-25-25	193.242.149.11
батарейки	54	2024-03-13 13-25-42	78.29.21.155
батарейки	54	2024-03-13 13-25-42	78.29.21.155
батарейки	54	2024-03-13 13-25-42	78.29.21.155
батарейки	54	2024-03-13 13-25-42	78.29.21.155
батарейки	54	2024-03-13 13-25-43	78.29.21.155
батарейки	54	2024-03-13 13-25-43	78.29.21.155
трек трехфазный	56	2024-03-13 13-26-33	188.170.194.250
ввг 3х4	56	2024-03-13 13-26-43	46.159.57.9
ввг+3х4	56	2024-03-13 13-27-12	46.159.57.9
гофра оранжевая	54	2024-03-13 13-30-36	95.153.176.130
гофра оранжевая	54	2024-03-13 13-30-40	95.153.176.130
сип 2х16	0	2024-03-13 13-31-35	85.174.202.88
сип+2х16	0	2024-03-13 13-31-48	85.174.202.88
сип+2х16	0	2024-03-13 13-32-29	85.174.202.88
сип 2х16	0	2024-03-13 13-32-31	85.174.202.88
сип 2х16	0	2024-03-13 13-33-32	85.174.202.88
аввг 2х10	0	2024-03-13 13-34-03	85.174.202.88
кримпер	1	2024-03-13 13-37-02	176.211.19.75
обжим	11	2024-03-13 13-37-12	176.211.19.75
обжим	11	2024-03-13 13-37-18	176.211.19.75
кабель г	500	2024-03-13 13-48-04	95.25.133.201
кабель кг	58	2024-03-13 13-48-10	95.25.133.201
ре	40	2024-03-13 13-50-36	95.153.161.250
решо	498	2024-03-13 13-50-37	95.153.161.250
решот	0	2024-03-13 13-50-38	95.153.161.250
решот ка	0	2024-03-13 13-50-38	95.153.161.250
решот	0	2024-03-13 13-50-40	95.153.161.250
реш	498	2024-03-13 13-50-45	95.153.161.250
реше	498	2024-03-13 13-50-46	95.153.161.250
решетк	26	2024-03-13 13-50-46	95.153.161.250
решетка	26	2024-03-13 13-50-47	95.153.161.250
решетка	26	2024-03-13 13-50-49	95.153.161.250
решетка	26	2024-03-13 13-51-13	95.153.161.250
решетка	26	2024-03-13 13-51-23	95.153.161.250
клипсы	12	2024-03-13 13-58-15	46.159.236.22
держатель для гофры	0	2024-03-13 13-58-29	46.159.236.22
держатель для	143	2024-03-13 13-58-32	46.159.236.22
держатель для	143	2024-03-13 13-58-47	46.159.236.22
светильник	500	2024-03-13 14-02-06	62.183.68.202
торсада 2х16	0	2024-03-13 14-04-16	46.159.57.9
торсада	0	2024-03-13 14-04-33	46.159.57.9
тарсада	0	2024-03-13 14-04-41	46.159.57.9
торсада	0	2024-03-13 14-04-44	46.159.57.9
торсада 2х16	0	2024-03-13 14-04-47	46.159.57.9
автоматы 25а	14	2024-03-13 14-06-49	85.249.171.153
автоматы 25а	14	2024-03-13 14-07-06	85.249.171.153
автоматы 25а	14	2024-03-13 14-07-11	85.249.171.153
разрядник	2	2024-03-13 14-07-53	135.125.225.246
гильза	157	2024-03-13 14-08-03	85.172.25.58
промрукав	28	2024-03-13 14-08-12	95.153.177.19
наконечник	474	2024-03-13 14-08-20	85.172.25.58
наконечник	474	2024-03-13 14-08-35	85.172.25.58
наконечник	474	2024-03-13 14-08-41	85.172.25.58
промрукав	28	2024-03-13 14-08-47	95.153.177.19
наконечник	474	2024-03-13 14-08-49	85.172.25.58
наконечник	474	2024-03-13 14-09-05	85.172.25.58
наконечник	474	2024-03-13 14-10-27	85.172.25.58
наконечник	474	2024-03-13 14-10-33	85.172.25.58
наконечник	474	2024-03-13 14-10-47	85.172.25.58
наконечник	474	2024-03-13 14-10-59	85.172.25.58
наконечник	474	2024-03-13 14-11-07	85.172.25.58
200,02	5	2024-03-13 14-11-15	178.176.218.195
наконечник штыревой	64	2024-03-13 14-11-41	85.172.25.58
наконечник штыревой	64	2024-03-13 14-11-50	85.172.25.58
труба гофр. d20	12	2024-03-13 14-11-55	95.25.133.201
наконечник штыревой	64	2024-03-13 14-11-56	85.172.25.58
наконечник штыревой	64	2024-03-13 14-12-04	85.172.25.58
провод пугв 6,0	252	2024-03-13 14-12-10	95.153.161.244
наконечник медно-луженный штыревой	0	2024-03-13 14-12-21	85.172.25.58
наконечник медно-луженный	0	2024-03-13 14-12-25	85.172.25.58
наконечник	474	2024-03-13 14-12-35	85.172.25.58
наконечник	474	2024-03-13 14-12-42	85.172.25.58
наконечник	474	2024-03-13 14-12-49	85.172.25.58
наконечник	474	2024-03-13 14-13-08	85.172.25.58
наконечник	474	2024-03-13 14-13-15	85.172.25.58
наконечник	474	2024-03-13 14-13-23	85.172.25.58
наконечник медные луженные	132	2024-03-13 14-14-04	85.172.25.58
наконечник медные луженные	132	2024-03-13 14-14-16	85.172.25.58
наконечник медные луженные	132	2024-03-13 14-14-21	85.172.25.58
наконечник медные луженные	132	2024-03-13 14-14-27	85.172.25.58
наконечник медные луженные	132	2024-03-13 14-14-31	85.172.25.58
держатель гофр	25	2024-03-13 14-15-34	95.25.133.201
держатель гофр	25	2024-03-13 14-15-42	95.25.133.201
держатель гофр	25	2024-03-13 14-15-46	95.25.133.201
держатель гофр	25	2024-03-13 14-15-47	95.25.133.201
вд1-3753	0	2024-03-13 14-25-52	46.159.40.54
вд1	31	2024-03-13 14-26-05	46.159.40.54
разъединитель	21	2024-03-13 14-26-24	46.159.40.54
55016	0	2024-03-13 14-27-20	85.172.106.141
переключатель 400а	2	2024-03-13 14-27-42	46.159.40.54
изолен	46	2024-03-13 14-29-24	193.233.121.152
изолента черн.	22	2024-03-13 14-29-48	193.233.121.152
шина нулевая	112	2024-03-13 14-31-11	85.172.25.58
изолента черн.	22	2024-03-13 14-33-49	193.233.121.152
изолента черн.	22	2024-03-13 14-34-20	193.233.121.152
тройник пвх	1	2024-03-13 14-34-21	95.153.163.74
изолента черн.	22	2024-03-13 14-34-35	193.233.121.152
светильник уличный	107	2024-03-13 14-36-00	188.162.167.164
светильник уличный	107	2024-03-13 14-36-14	188.162.167.164
светильник уличный	107	2024-03-13 14-36-16	188.162.167.164
светильник уличный	107	2024-03-13 14-36-21	188.162.167.164
светильник уличный	107	2024-03-13 14-36-30	188.162.167.164
светильник уличный	107	2024-03-13 14-36-33	188.162.167.164
светильник уличный	107	2024-03-13 14-36-35	188.162.167.164
светильник уличный	107	2024-03-13 14-36-38	188.162.167.164
светильник уличный	107	2024-03-13 14-36-40	188.162.167.164
светильник уличный	107	2024-03-13 14-36-57	188.162.167.164
светильник уличный	107	2024-03-13 14-37-21	188.162.167.164
светильник уличный	107	2024-03-13 14-37-31	188.162.167.164
светильник уличный	107	2024-03-13 14-37-46	188.162.167.164
светильник уличный	107	2024-03-13 14-38-02	188.162.167.164
703	2	2024-03-13 14-38-44	185.183.12.36
0ga	0	2024-03-13 14-39-26	95.153.161.244
0ga	0	2024-03-13 14-39-34	95.153.161.244
0ga	0	2024-03-13 14-39-52	95.153.161.244
пускатель	126	2024-03-13 14-40-13	83.239.40.94
пускатель	126	2024-03-13 14-40-39	83.239.40.94
пускатель	126	2024-03-13 14-40-43	83.239.40.94
пускатель	126	2024-03-13 14-40-45	83.239.40.94
батарейки	37	2024-03-13 14-41-04	195.210.144.186
батарейки	37	2024-03-13 14-41-22	195.210.144.186
батарейки	37	2024-03-13 14-41-44	195.210.144.186
батарейки	37	2024-03-13 14-41-47	195.210.144.186
батарейки	37	2024-03-13 14-41-52	195.210.144.186
батарейки	37	2024-03-13 14-41-54	195.210.144.186
magnum	37	2024-03-13 14-42-43	109.248.252.18
пускатель	126	2024-03-13 14-42-58	83.239.40.94
пускатель	126	2024-03-13 14-43-04	83.239.40.94
пускатель	126	2024-03-13 14-43-08	83.239.40.94
magnum	37	2024-03-13 14-44-08	109.248.252.18
светильники	500	2024-03-13 14-46-31	195.16.62.154
50309	1	2024-03-13 14-48-52	85.172.25.58
кабель ркгм 1х1,5	3	2024-03-13 14-50-22	5.139.224.12
пугв  35	10	2024-03-13 14-50-29	193.233.122.224
узо	151	2024-03-13 14-50-42	85.249.161.233
узо	151	2024-03-13 14-50-55	85.249.161.233
25073	1	2024-03-13 14-51-05	193.161.215.120
узо	151	2024-03-13 14-51-20	85.249.161.233
узо	151	2024-03-13 14-51-30	85.249.161.233
узо	151	2024-03-13 14-51-31	85.249.161.233
plexo выключатель о/у 1-кл. кнопочный но 10а ip55	0	2024-03-13 14-51-41	85.172.38.180
узо	151	2024-03-13 14-51-55	85.249.161.233
узо	151	2024-03-13 14-51-57	85.249.161.233
маркировка	281	2024-03-13 14-52-40	91.238.88.130
маркировка	281	2024-03-13 14-52-48	91.238.88.130
маркировка	281	2024-03-13 14-52-54	91.238.88.130
маркировка	281	2024-03-13 14-53-00	91.238.88.130
автомат	500	2024-03-13 14-53-02	91.185.78.86
маркировка провода маркер	2	2024-03-13 14-53-18	91.238.88.130
автомат	500	2024-03-13 14-53-22	91.185.78.86
маркировка провода	47	2024-03-13 14-53-25	91.238.88.130
маркировка провода	47	2024-03-13 14-53-31	91.238.88.130
маркировка провода	47	2024-03-13 14-53-37	91.238.88.130
узо	151	2024-03-13 14-53-45	85.249.161.233
маркировка провода	47	2024-03-13 14-53-48	91.238.88.130
узо	151	2024-03-13 14-53-50	85.249.161.233
узо	151	2024-03-13 14-53-58	85.249.161.233
узо	151	2024-03-13 14-54-03	85.249.161.233
узо	151	2024-03-13 14-54-06	85.249.161.233
узо	151	2024-03-13 14-54-08	85.249.161.233
клипсы	12	2024-03-13 14-54-26	91.185.78.86
узо	151	2024-03-13 14-54-30	85.249.161.233
узо	151	2024-03-13 14-54-37	85.249.161.233
узо	151	2024-03-13 14-54-37	85.249.161.233
узо	151	2024-03-13 14-54-38	85.249.161.233
узо	151	2024-03-13 14-54-38	85.249.161.233
imt35100	1	2024-03-13 14-54-40	193.233.120.212
хомут стандартный	79	2024-03-13 14-54-44	91.185.78.86
хомут стандартный	79	2024-03-13 14-54-49	91.185.78.86
хомут стандартный	79	2024-03-13 14-54-51	91.185.78.86
хомут стандартный	79	2024-03-13 14-54-55	91.185.78.86
89238	1	2024-03-13 14-56-15	193.161.215.120
3х2,5	66	2024-03-13 14-56-18	193.233.120.212
трэк	0	2024-03-13 14-57-17	85.249.173.172
кабель 2х1,5	13	2024-03-13 14-57-32	176.59.83.239
кабель 2х1,5	13	2024-03-13 14-57-33	176.59.83.239
трек	2	2024-03-13 14-57-40	85.249.173.172
кабель 2х1,5	13	2024-03-13 14-57-42	176.59.83.239
трек	2	2024-03-13 14-58-00	85.249.173.172
шинопровод	123	2024-03-13 14-58-13	85.249.173.172
трек	2	2024-03-13 14-58-22	85.249.173.172
шинопровод	123	2024-03-13 14-58-25	85.249.173.172
шинопровод	123	2024-03-13 14-59-04	85.249.173.172
трек	2	2024-03-13 14-59-06	85.249.173.172
шинопровод	123	2024-03-13 14-59-10	85.249.173.172
шинопровод	123	2024-03-13 14-59-36	85.249.173.172
шинопровод	123	2024-03-13 15-00-06	85.249.173.172
кабель 2х1,5	13	2024-03-13 15-00-17	176.59.83.239
щмп 1600	1	2024-03-13 15-00-27	85.249.160.252
светильник улечный	0	2024-03-13 15-00-52	85.175.96.43
ка	362	2024-03-13 15-02-11	176.59.83.239
каб	6	2024-03-13 15-02-12	176.59.83.239
кабе	6	2024-03-13 15-02-12	176.59.83.239
кабел	500	2024-03-13 15-02-13	176.59.83.239
кабель	500	2024-03-13 15-02-14	176.59.83.239
кабель	500	2024-03-13 15-02-16	176.59.83.239
кабель к	500	2024-03-13 15-02-16	176.59.83.239
кабель ка	26	2024-03-13 15-02-17	176.59.83.239
кабель кан	479	2024-03-13 15-02-18	176.59.83.239
кабель-канал магистральный 	51	2024-03-13 15-02-19	176.59.83.239
кабель-канал магистральный 	51	2024-03-13 15-02-21	176.59.83.239
кабель-канал магистральный 	51	2024-03-13 15-05-38	176.59.83.239
кабель-канал магистральный 	51	2024-03-13 15-06-53	176.59.83.239
кабель-канал магистральный 	51	2024-03-13 15-07-36	176.59.83.239
кабель-канал магистральный 	51	2024-03-13 15-12-19	176.59.83.239
кабель 2х1,5	13	2024-03-13 15-12-20	176.59.83.239
кабель 2х1,5	13	2024-03-13 15-12-26	176.59.83.239
3х2, 5	66	2024-03-13 15-14-11	46.159.57.9
светодиодный светильник	500	2024-03-13 15-15-00	185.18.108.170
зажимы клеммные	72	2024-03-13 15-15-52	185.18.108.170
зажимы клеммные	72	2024-03-13 15-16-03	185.18.108.170
зажимы клеммные	72	2024-03-13 15-16-14	185.18.108.170
iek	500	2024-03-13 15-16-35	185.18.108.170
glanzen	0	2024-03-13 15-16-53	185.18.108.170
прожектор	120	2024-03-13 15-18-05	185.18.108.170
сумка	17	2024-03-13 15-26-00	51.158.234.221
прожектор	120	2024-03-13 15-30-12	185.18.108.170
прожектор	120	2024-03-13 15-33-25	185.18.108.170
прожектор	120	2024-03-13 15-33-36	185.18.108.170
прожектор	120	2024-03-13 15-34-05	185.18.108.170
шввп	12	2024-03-13 15-34-40	85.249.161.233
кабель	500	2024-03-13 15-35-04	193.233.120.212
3х2,5	66	2024-03-13 15-35-11	193.233.120.212
пвс	212	2024-03-13 15-35-32	85.249.161.233
пвс	212	2024-03-13 15-36-07	85.249.161.233
пвс	212	2024-03-13 15-36-09	85.249.161.233
гофр.	101	2024-03-13 15-37-23	85.249.161.233
кабельный канал	22	2024-03-13 15-37-46	85.249.161.233
кабель-канал магистральный 	51	2024-03-13 15-37-59	85.249.161.233
кабель-канал магистральный 	51	2024-03-13 15-39-00	85.249.161.233
кабель-канал магистральный 	51	2024-03-13 15-39-19	85.249.161.233
ez9r34263	0	2024-03-13 15-39-57	81.26.130.158
прожектор	120	2024-03-13 15-40-06	185.18.108.170
прожектор	120	2024-03-13 15-41-29	185.18.108.170
